{
  "resourceType": "ServiceRequest",
  "id": "1-tvt",
  "meta": {
    "profile": [
      "http://fhir.ch/ig/ch-orf/StructureDefinition/ch-orf-servicerequest"
    ]
  },
  "text": {
    "status": "generated",
    "div": "<div xmlns=\"http://www.w3.org/1999/xhtml\"><p><b>Generated Narrative</b></p><p><b>identifier</b>: Placer Identifier: 123</p><p><b>status</b>: active</p><p><b>intent</b>: original-order</p><p><b>category</b>: <span title=\"Codes: {http://fhir.ch/ig/ch-lab-order/CodeSystem/ch-lab-order-servicerequest-categories RequestForLabExam}\">Anforderung Laboruntersuchung</span></p><p><b>priority</b>: urgent</p><p><b>subject</b>: <a href=\"Patient-HansGuggindieluft.html\">Generated Summary: Medical record number: 012/08.111111; Hans Guggindieluft ; Phone: 079 979 79 79, hans.guggindieluft@example.ch; gender: male; birthDate: 1981-01-01; <span title=\"Codes: {http://fhir.ch/ig/ch-core/CodeSystem/ech-11-maritalstatus 5}\">unverheiratet</span></a></p><p><b>requester</b>: <a href=\"PractitionerRole-MarcMustermannArztpraxis.html\">Generated Summary: </a></p><p><b>reasonCode</b>: <span title=\"Codes: {http://snomed.info/sct 404223003}\">Deep venous thrombosis of lower extremity</span></p><p><b>insurance</b>: <a href=\"Coverage-HealthInsuranceCard.html\">A human-readable rendering of the European Health Insurance CardGenerated Summary: id: A123456780; status: active; <span title=\"Codes: {http://terminology.hl7.org/CodeSystem/v3-ActCode EHCPOL}\">extended healthcare</span>; period: ?ngen-2? --&gt; 2012-03-17</a></p><p><b>specimen</b>: </p><ul><li><a href=\"Specimen-serum.html\">Serum specimen. Generated Summary: id: 48736-12345-75465; id: 4e88a-12345-dd888; status: available; <span title=\"Codes: {http://snomed.info/sct 119364003}\">Serum specimen (specimen)</span></a></li><li><a href=\"Specimen-blood.html\">Generated Summary: status: available; <span title=\"Codes: {http://snomed.info/sct 119297000}\">Blood sample</span></a></li></ul></div>"
  },
  "identifier": [
    {
      "type": {
        "coding": [
          {
            "system": "http://terminology.hl7.org/CodeSystem/v2-0203",
            "code": "PLAC",
            "display": "Placer Identifier"
          }
        ]
      },
      "system": "urn:oid:1.3.4.5.6.7",
      "value": "123"
    }
  ],
  "status": "active",
  "intent": "original-order",
  "category": [
    {
      "coding": [
        {
          "system": "http://fhir.ch/ig/ch-lab-order/CodeSystem/ch-lab-order-servicerequest-categories",
          "code": "RequestForLabExam",
          "display": "Anforderung Laboruntersuchung"
        }
      ]
    }
  ],
  "priority": "urgent",
  "subject": {
    "reference": "Patient/HansGuggindieluft"
  },
  "requester": {
    "reference": "PractitionerRole/MarcMustermannArztpraxis"
  },
  "reasonCode": [
    {
      "coding": [
        {
          "system": "http://snomed.info/sct",
          "code": "404223003"
        }
      ],
      "text": "Deep venous thrombosis of lower extremity"
    }
  ],
  "insurance": [
    {
      "reference": "Coverage/HealthInsuranceCard"
    }
  ],
  "specimen": [
    {
      "reference": "Specimen/serum",
      "display": "Serum specimen"
    },
    {
      "reference": "Specimen/blood"
    }
  ]
}